{
    "1": {
        "4": 67.86669712791641,
        "5": 66.87578658420499,
        "7": 58.9812639525765,
        "8": 53.75750595734069,
        "9": 46.59012121875384,
        "10": 44.114772043666406,
        "11": 43.291867592264985,
        "12": 39.750596615576875,
        "13": 38.35425311620759,
        "14": 31.344351572287398,
        "15": 34.16192615348055,
        "16": 32.63996141327101,
        "17": 35.30858820639208,
        "18": 34.81569288292935,
        "19": 29.826174789713104,
        "20": 30.498536392877988,
        "21": 38.5594768458391,
        "22": 34.623839942106734,
        "23": 42.20271607577368,
        "24": 38.726434462915144,
        "25": 47.27775377640055,
        "26": 40.96816641597439,
        "27": 40.51068409116883,
        "28": 33.0005912295663,
        "29": 28.157832259345767,
        "30": 36.28438687973418,
        "31": 32.86161718004526,
        "32": 35.18343954150341,
        "33": 33.35895446615586,
        "34": 34.286249285600334,
        "35": 28.574992978904085,
        "36": 30.009292090420363,
        "37": 23.527302970402072,
        "38": 25.206559008620108,
        "39": 26.77992582825034,
        "40": 29.2016503776355,
        "41": 23.085548983227202,
        "42": 16.912544643698773,
        "43": 16.716782202615484,
        "44": 9.360328139711465,
        "45": 21.699890913400548,
        "46": 0.6802428240368071,
        "47": 2.732535240640748,
        "48": 5.495779391825142,
        "49": 2.213380759152115,
        "50": 10.066245804132398,
        "51": 41.4372654821084,
        "52": 39.772116248335195,
        "53": 35.43651346162381,
        "54": 33.967657148625705,
        "55": 38.44311588082346,
        "56": 38.35470384434764,
        "57": 40.65457826848902,
        "58": 37.728924688245506,
        "59": 35.97646262857191,
        "60": 31.36282678004368,
        "61": 29.889881727671685,
        "62": 23.878274861763884,
        "63": 13.358867678955393,
        "64": 7.114959316878771,
        "65": 2.3747423222754436,
        "66": 2.3942611609268383,
        "67": 8.573871229456705,
        "68": 9.908196590860305,
        "69": 19.146765510732425,
        "70": 16.66868235957425,
        "71": 9.443346617937905,
        "72": 7.710560886361894,
        "73": 3.4788507850067787,
        "74": 0.04280657001338546,
        "75": 6.564533945319065,
        "76": 0.3330220762275221,
        "77": 12.826146296978077,
        "78": 14.413858812849838,
        "79": 7.670367757644289,
        "80": 2.02949878635534,
        "81": 2.6760561468539845,
        "82": 0.6748375027566147,
        "83": 1.6316154377803878,
        "84": 7.781079747254686,
        "85": 14.153930848312982,
        "86": 10.958331082986087,
        "87": 18.820188843199478,
        "88": 21.959042905860976,
        "89": 24.13355927428838,
        "90": 27.633931492212067,
        "91": 28.25058284328354,
        "92": 25.697088094606787,
        "93": 40.94159335480693,
        "94": 13.539459197423895,
        "95": 11.54217323490615,
        "96": 21.27797438285342,
        "97": 7.240381968530655,
        "98": 96.06840170298193,
        "99": 0.5687758282585049,
        "100": 144.29514847930056,
        "101": 40.80561526065199
    },
    "5": {
        "256": 75.79605897155284,
        "258": 26.347522301139904,
        "259": 11.325879772430207,
        "260": 50.8079440468735,
        "262": 162.1067638143273,
        "263": 79.50349494563824,
        "264": 71.94602061515782,
        "265": 122.04805693553959,
        "266": 124.96383270790389,
        "267": 116.79886663110989,
        "268": 66.20169308750339,
        "269": 59.709384112324045,
        "270": 61.215772741485516,
        "271": 61.21828983462296,
        "272": 63.21198366070687,
        "273": 58.882512522266445,
        "274": 65.08795391826226,
        "275": 58.67617386657962,
        "276": 55.888868430200525,
        "277": 58.35609305953057,
        "278": 46.23771032543843,
        "279": 51.177493475822224,
        "280": 50.38943588102448,
        "281": 47.923584605182924,
        "282": 41.514227963178975,
        "283": 40.46043737212926,
        "284": 38.389776654340395,
        "285": 41.001705501586414,
        "286": 35.786351222177544,
        "287": 41.70381176473631,
        "288": 35.06594840478916,
        "289": 27.525440425864993,
        "290": 24.909760167996662,
        "291": 38.73335520603925,
        "292": 31.310528795247613,
        "293": 20.274622561121248,
        "294": 61.161809612524394,
        "295": 29.408624234157482,
        "296": 27.626209212972636,
        "297": 28.488509447302274,
        "298": 22.644132613386045,
        "299": 120.43428047773999,
        "300": 114.00099732745673,
        "302": 34.939977253271564,
        "303": 34.83958524314596,
        "304": 42.34767796960506,
        "305": 41.03031382186935,
        "306": 45.86749284105167,
        "307": 48.3643842872197,
        "308": 49.13200451322837,
        "309": 52.71462376093491,
        "310": 57.83025372084844,
        "311": 69.65804901307862,
        "312": 68.46387727278866,
        "313": 68.60610408978518,
        "314": 74.32036848894013,
        "315": 73.59884502679613,
        "316": 79.3453073274291,
        "317": 85.24892329474747,
        "318": 83.24599940572516,
        "319": 52.772050637396646,
        "320": 77.99111130691702,
        "321": 15.138456767675907,
        "322": 24.28539622288451,
        "323": 1.8887126577269078,
        "324": 18.67163663187921,
        "325": 23.88408552007994,
        "326": 58.56324644293465,
        "327": 35.96187490671326,
        "328": 26.96135611754654,
        "329": 21.052844073283463,
        "330": 32.92632079988728,
        "331": 41.09155888077592,
        "332": 54.2291513208392,
        "333": 44.75062138860754,
        "334": 21.442931480241747,
        "335": 38.195221198972334,
        "336": 50.54575347213382,
        "337": 75.3837639524042,
        "338": 74.10914166339488,
        "339": 70.14056835984518,
        "340": 70.59103966944603,
        "341": 59.7555515088381,
        "342": 56.2943629741957,
        "343": 50.46426039137342,
        "344": 51.548139195505414,
        "345": 36.561294034441595,
        "346": 26.960350899711433,
        "347": 29.688036206036912,
        "348": 0.0023417327642345546,
        "349": 14.54043248249633,
        "350": 26.847127782484183,
        "351": 42.69943633655726,
        "352": 54.65056185074833,
        "353": 61.67605596978473,
        "354": 61.96607335495456,
        "355": 70.23834732391916,
        "356": 70.05892339011993,
        "357": 70.92964185854831,
        "358": 69.76636554577104,
        "359": 68.00151693752275,
        "360": 66.82708886027169,
        "361": 68.23389499240493,
        "362": 67.27154599750975,
        "363": 68.03026415557441,
        "364": 67.6948813689347,
        "365": 70.73986941255473,
        "366": 69.4778661438933,
        "367": 67.81218085483735,
        "368": 66.0533664794751,
        "369": 66.46269484556146,
        "370": 63.48329964613374,
        "371": 63.918989231155656,
        "372": 66.45849259424297,
        "373": 57.623968943055345,
        "374": 62.020956834477424,
        "375": 58.46216533635624,
        "376": 54.80992846881847,
        "377": 52.332839801868374,
        "378": 52.064970237272746,
        "379": 42.51732273872087,
        "380": 77.48356364038733,
        "381": 72.8774099700757,
        "382": 31.00906088418909,
        "383": 15.44996128093251,
        "384": 21.802867215392666,
        "385": 13.523558056321004,
        "386": 14.812180830801328,
        "387": 6.960958600521531,
        "388": 12.453467426994168,
        "389": 12.257401471907349,
        "390": 18.215028948744546,
        "391": 17.97652512876823,
        "392": 2.1527303585585846,
        "393": 14.583687621866588,
        "394": 16.772341615709696,
        "395": 13.541398579818862,