{
    "1": {
        "4": 67.86669712791641,
        "5": 66.87578658420499,
        "7": 58.9812639525765,
        "8": 53.75750595734069,
        "9": 46.59012121875384,
        "10": 44.114772043666406,
        "11": 43.291867592264985,
        "12": 39.750596615576875,
        "13": 38.35425311620759,
        "14": 31.344351572287398,
        "15": 34.16192615348055,
        "16": 32.63996141327101,
        "17": 35.30858820639208,
        "18": 34.81569288292935,
        "19": 29.826174789713104,
        "20": 30.498536392877988,
        "21": 38.5594768458391,
        "22": 34.623839942106734,
        "23": 42.20271607577368,
        "24": 38.726434462915144,
        "25": 47.27775377640055,
        "26": 40.96816641597439,
        "27": 40.51068409116883,
        "28": 33.0005912295663,
        "29": 28.157832259345767,
        "30": 36.28438687973418,
        "31": 32.86161718004526,
        "32": 35.18343954150341,
        "33": 33.35895446615586,
        "34": 34.286249285600334,
        "35": 28.574992978904085,
        "36": 30.009292090420363,
        "37": 23.527302970402072,
        "38": 25.206559008620108,
        "39": 26.77992582825034,
        "40": 29.2016503776355,
        "41": 23.085548983227202,
        "42": 16.912544643698773,
        "43": 16.716782202615484,
        "44": 9.360328139711465,
        "45": 21.699890913400548,
        "46": 0.6802428240368071,
        "47": 2.732535240640748,
        "48": 5.495779391825142,
        "49": 2.213380759152115,
        "50": 10.066245804132398,
        "51": 41.4372654821084,
        "52": 39.772116248335195,
        "53": 35.43651346162381,
        "54": 33.967657148625705,
        "55": 38.44311588082346,
        "56": 38.35470384434764,
        "57": 40.65457826848902,
        "58": 37.728924688245506,
        "59": 35.97646262857191,
        "60": 31.36282678004368,
        "61": 29.889881727671685,
        "62": 23.878274861763884,
        "63": 13.358867678955393,
        "64": 7.114959316878771,
        "65": 2.3747423222754436,
        "66": 2.3942611609268383,
        "67": 8.573871229456705,
        "68": 9.908196590860305,
        "69": 19.146765510732425,
        "70": 16.66868235957425,
        "71": 9.443346617937905,
        "72": 7.710560886361894,
        "73": 3.4788507850067787,
        "74": 0.04280657001338546,
        "75": 6.564533945319065,
        "76": 0.3330220762275221,
        "77": 12.826146296978077,
        "78": 14.413858812849838,
        "79": 7.670367757644289,
        "80": 2.02949878635534,
        "81": 2.6760561468539845
    }
}