{
    "1": {
        "4": {
            "RH,RS,RE": 67.86669712791641,
            "LH,LS,LE": 0.9285262326206404,
            "RS,RE,RW": 169.87066856288521,
            "LS,LE,LW": 153.09227911792462,
            "RS,RH,RK": 108.82938659999871,
            "LS,LH,LK": 149.47999761874814,
            "FTH": 202.66142597052254
        },
        "5": {
            "RH,RS,RE": 66.87578658420499,
            "LH,LS,LE": 12.845715062851093,
            "RS,RE,RW": 177.2804032715547,
            "LS,LE,LW": 130.91823025645513,
            "RS,RH,RK": 112.30935351746064,
            "LS,LH,LK": 153.65872352480577,
            "FTH": 175.60429407143502
        },
        "7": {
            "RH,RS,RE": 58.9812639525765,
            "LH,LS,LE": 30.86031590665825,
            "RS,RE,RW": 175.36733030018797,
            "LS,LE,LW": 149.51583682832745,
            "RS,RH,RK": 120.90556917687846,
            "LS,LH,LK": 163.40716964794169,
            "FTH": 230.6122953413728
        },
        "8": {
            "RH,RS,RE": 53.75750595734069,
            "LH,LS,LE": 38.7943825366839,
            "RS,RE,RW": 172.5639764577801,
            "LS,LE,LW": 145.0929799084703,
            "RS,RH,RK": 119.98966560540396,
            "LS,LH,LK": 172.97836573791997,
            "FTH": 247.90153181704997
        },
        "9": {
            "RH,RS,RE": 46.59012121875384,
            "LH,LS,LE": 45.603276062613325,
            "RS,RE,RW": 169.0943259075711,
            "LS,LE,LW": 142.4564425643602,
            "RS,RH,RK": 123.74271487321923,
            "LS,LH,LK": 178.75719631557357,
            "FTH": 253.59979548859778
        },
        "10": {
            "RH,RS,RE": 44.114772043666406,
            "LH,LS,LE": 48.512625707391344,
            "RS,RE,RW": 171.2464931579408,
            "LS,LE,LW": 144.49549174884575,
            "RS,RH,RK": 127.78830805370012,
            "LS,LH,LK": 177.00001616464422,
            "FTH": 255.48539987491336
        },
        "11": {
            "RH,RS,RE": 43.291867592264985,
            "LH,LS,LE": 52.542953406094874,
            "RS,RE,RW": 173.655601409368,
            "LS,LE,LW": 150.88632623076145,
            "RS,RH,RK": 132.88945949682858,
            "LS,LH,LK": 174.6916319532412,
            "FTH": 260.73213965672056
        },
        "12": {
            "RH,RS,RE": 39.750596615576875,
            "LH,LS,LE": 50.03217797210598,
            "RS,RE,RW": 177.4750507130098,
            "LS,LE,LW": 156.3869474989101,
            "RS,RH,RK": 131.76158353461207,
            "LS,LH,LK": 179.21199347390916,
            "FTH": 255.70236868116461
        },
        "13": {
            "RH,RS,RE": 38.35425311620759,
            "LH,LS,LE": 53.21943348072625,
            "RS,RE,RW": 174.4520694465829,
            "LS,LE,LW": 167.663834681657,
            "RS,RH,RK": 140.15724096519557,
            "LS,LH,LK": 167.28156202067163,
            "FTH": 255.31077235131656
        },
        "14": {
            "RH,RS,RE": 31.344351572287398,
            "LH,LS,LE": 53.17614970048283,
            "RS,RE,RW": 142.72584262858038,
            "LS,LE,LW": 169.19325020138177,
            "RS,RH,RK": 144.09906467566867,
            "LS,LH,LK": 168.5048451932816,
            "FTH": 219.08432525484716
        },
        "15": {
            "RH,RS,RE": 34.16192615348055,
            "LH,LS,LE": 52.783118909468,
            "RS,RE,RW": 144.97507245143464,
            "LS,LE,LW": 174.57591791234688,
            "RS,RH,RK": 148.87330026456874,
            "LS,LH,LK": 166.37235768594115,
            "FTH": 220.97266139112887
        },
        "16": {
            "RH,RS,RE": 32.63996141327101,
            "LH,LS,LE": 53.525974936191886,
            "RS,RE,RW": 146.1934919978312,
            "LS,LE,LW": 174.98179789186398,
            "RS,RH,RK": 146.72054821093917,
            "LS,LH,LK": 169.73128093183192,
            "FTH": 210.07074347594084
        },
        "17": {
            "RH,RS,RE": 35.30858820639208,
            "LH,LS,LE": 52.07579631378645,
            "RS,RE,RW": 144.62010436849334,
            "LS,LE,LW": 175.06972086074393,
            "RS,RH,RK": 153.13562099880613,
            "LS,LH,LK": 166.64582058457634,
            "FTH": 217.72645151647177
        },
        "18": {
            "RH,RS,RE": 34.81569288292935,
            "LH,LS,LE": 48.84750944669675,
            "RS,RE,RW": 131.03664187808383,
            "LS,LE,LW": 179.15289102547897,
            "RS,RH,RK": 157.54670059525068,
            "LS,LH,LK": 169.29165186941685,
            "FTH": 217.24356953824508
        },
        "19": {
            "RH,RS,RE": 29.826174789713104,
            "LH,LS,LE": 44.00486879317739,
            "RS,RE,RW": 140.88227005588652,
            "LS,LE,LW": 169.76686134215703,
            "RS,RH,RK": 156.37597299084985,
            "LS,LH,LK": 172.47988225468893,
            "FTH": 208.17458841099216
        },
        "20": {
            "RH,RS,RE": 30.498536392877988,
            "LH,LS,LE": 40.38308070437477,
            "RS,RE,RW": 136.68871558426702,
            "LS,LE,LW": 161.92099214456252,
            "RS,RH,RK": 163.88175132063228,
            "LS,LH,LK": 170.68401600875796,
            "FTH": 207.82751480246702
        },
        "21": {
            "RH,RS,RE": 38.5594768458391,
            "LH,LS,LE": 42.36482991231493,
            "RS,RE,RW": 121.38580631570345,
            "LS,LE,LW": 166.52805372412368,
            "RS,RH,RK": 170.7575799985348,
            "LS,LH,LK": 165.44491841301746,
            "FTH": 216.51389726360344
        },
        "22": {
            "RH,RS,RE": 34.623839942106734,
            "LH,LS,LE": 39.26626765897173,
            "RS,RE,RW": 124.07073358974971,
            "LS,LE,LW": 156.67712086293625,
            "RS,RH,RK": 172.34090759924086,
            "LS,LH,LK": 162.61513724084372,
            "FTH": 214.3082951659549
        },
        "23": {
            "RH,RS,RE": 42.20271607577368,
            "LH,LS,LE": 40.72116306541948,
            "RS,RE,RW": 108.52273943167701,
            "LS,LE,LW": 157.88026425456044,
            "RS,RH,RK": 168.80276510429988,
            "LS,LH,LK": 165.96976597221018,
            "FTH": 221.68919534392424
        },
        "24": {
            "RH,RS,RE": 38.726434462915144,
            "LH,LS,LE": 39.960998404724066,
            "RS,RE,RW": 117.3797602099849,
            "LS,LE,LW": 155.5357637369876,
            "RS,RH,RK": 152.26703746873866,
            "LS,LH,LK": 161.2687347132517,
            "FTH": 207.45550939945383
        },
        "25": {
            "RH,RS,RE": 47.27775377640055,
            "LH,LS,LE": 38.245133561351494,
            "RS,RE,RW": 92.26687355846632,
            "LS,LE,LW": 150.200213533537,
            "RS,RH,RK": 149.92711282089178,
            "LS,LH,LK": 165.6122220120197,
            "FTH": 215.39399418285979
        },
        "26": {
            "RH,RS,RE": 40.96816641597439,
            "LH,LS,LE": 40.27775460636735,
            "RS,RE,RW": 105.6733645731869,
            "LS,LE,LW": 149.34193151508663,
            "RS,RH,RK": 138.51617728423193,
            "LS,LH,LK": 163.36990459964747,
            "FTH": 217.27320809265424
        },
        "27": {
            "RH,RS,RE": 40.51068409116883,
            "LH,LS,LE": 35.80088211432648,
            "RS,RE,RW": 114.87335609007033,
            "LS,LE,LW": 142.96620666829918,
            "RS,RH,RK": 132.883573887297,
            "LS,LH,LK": 161.8145983113325,
            "FTH": 222.40327979335947
        },
        "28": {
            "RH,RS,RE": 33.0005912295663,
            "LH,LS,LE": 33.157667171250026,
            "RS,RE,RW": 113.29930987333532,
            "LS,LE,LW": 133.58949309367298,
            "RS,RH,RK": 116.46817145588116,
            "LS,LH,LK": 156.79494059228512,
            "FTH": 220.84713720637507
        },
        "29": {
            "RH,RS,RE": 28.157832259345767,
            "LH,LS,LE": 29.54083461707155,
            "RS,RE,RW": 134.37082635666835,